Study_Hours,Attendance,Previous_Score,Assignments_Completed,Sleep_Hours,Final_Score,Result
3.62,59.26,50.7,4,4.66,66.6,Pass
7.66,77.1,49.82,10,5.91,78.26,Pass
6.12,93.65,89.38,6,7.1,84.41,Pass
5.19,86.61,49.97,9,6.27,73.7,Pass
2.09,90.33,51.32,8,7.9,67.21,Pass
2.09,82.94,80.56,9,8.99,68.5,Pass
1.41,84.61,61.98,8,4.96,66.35,Pass
7.06,92.46,81.6,4,6.3,81.34,Pass
5.21,62.48,38.92,3,6.15,54.02,Pass
5.96,74.47,64.25,8,5.52,70.26,Pass
1.14,61.06,37.02,4,4.99,37.6,Needs Support
7.79,99.38,38.76,4,4.33,73.47,Pass
6.83,97.2,89.39,3,8.44,92.82,Pass
2.49,51.97,43.35,5,6.1,51.29,Pass
2.27,85.28,66.95,9,6.48,62.66,Pass
2.28,96.26,59.67,2,8.58,66.38,Pass
3.13,59.03,55.84,2,7.88,45.6,Pass
4.67,78.4,88.99,6,4.65,73.71,Pass
4.02,95.77,36.31,6,6.83,68.23,Pass
3.04,51.7,74.83,2,6.21,60.45,Pass
5.28,84.87,92.8,7,7.99,89.27,Pass
1.98,64.87,68.61,2,7.62,63.88,Pass
3.05,96.22,91.21,6,7.45,84.33,Pass
3.56,98.55,38.14,10,5.7,58.65,Pass
4.19,97.21,60.13,6,8.02,72.61,Pass
6.5,73.71,50.61,7,4.26,67.79,Pass
2.4,93.1,78.85,9,4.8,75.33,Pass
4.6,92.23,93.88,2,5.68,74.14,Pass
5.15,65.96,50.39,3,4.38,51.6,Pass
1.33,91.45,74.25,10,5.17,85.38,Pass
5.25,51.85,46.89,4,8.15,56.34,Pass
2.19,79.81,68.92,7,8.74,82.31,Pass
1.46,61.5,62.84,6,5.52,50.93,Pass
7.64,56.03,93.32,3,5.32,79.95,Pass
7.76,53.85,71.51,8,5.4,77.52,Pass
6.66,84.81,55.97,5,5.39,66.8,Pass
3.13,66.99,41.85,2,4.18,44.9,Pass
1.68,86.24,44.07,5,8.63,58.98,Pass
5.79,53.27,48.52,7,5.07,57.13,Pass
4.08,65.76,50.06,8,6.1,62.2,Pass
1.85,76.97,86.04,8,4.05,59.03,Pass
4.47,89.54,68.67,8,8.29,83.09,Pass
1.24,65.94,66.4,4,7.66,64.15,Pass
7.37,81.29,41.89,7,8.73,76.65,Pass
2.81,94.3,86.61,9,7.91,95.23,Pass
5.64,80.79,78.37,5,5.57,79.31,Pass
3.18,61.65,39.06,9,5.24,62.54,Pass
4.64,51.22,77.47,3,7.49,71.2,Pass
4.83,93.5,67.61,10,5.82,67.34,Pass
2.29,51.06,39.9,10,6.83,57.78,Pass
7.79,93.74,62.5,9,4.03,76.2,Pass
6.43,76.45,64.08,2,4.31,59.87,Pass
7.58,96.95,44.95,3,6.68,66.39,Pass
7.26,89.94,91.74,7,6.83,89.89,Pass
5.19,99.9,86.0,6,7.76,89.6,Pass
7.45,67.54,75.14,10,4.66,84.58,Pass
1.62,88.36,62.74,6,6.57,64.91,Pass
2.37,70.1,59.71,3,4.97,58.43,Pass
1.32,73.99,74.06,5,4.47,64.49,Pass
3.28,81.38,67.73,10,6.05,76.72,Pass
3.72,93.68,38.74,2,4.82,46.44,Pass
2.9,99.2,65.75,2,5.11,60.5,Pass
6.8,88.41,83.38,8,5.59,87.13,Pass
3.5,70.89,62.55,4,5.3,64.38,Pass
2.97,71.07,38.12,3,4.44,41.71,Pass
4.8,86.88,82.18,10,4.45,82.76,Pass
1.99,61.94,47.08,4,4.97,41.06,Pass
6.62,55.52,50.52,3,4.25,62.83,Pass
1.52,67.73,44.88,9,7.13,59.72,Pass
7.91,64.36,54.81,7,5.44,65.34,Pass
6.41,64.82,80.41,7,5.4,70.57,Pass
2.39,61.68,66.16,8,5.66,65.28,Pass
1.04,52.1,47.29,8,7.31,59.83,Pass
6.71,50.89,87.67,7,8.35,75.22,Pass
5.95,99.39,87.77,5,7.8,91.23,Pass
6.1,71.39,87.23,10,7.64,85.09,Pass
6.4,69.22,49.33,7,6.42,72.89,Pass
1.52,83.98,62.07,5,7.47,66.4,Pass
3.51,60.91,94.1,4,6.76,71.83,Pass
1.81,97.5,81.32,5,5.08,61.79,Pass
7.04,89.32,36.63,4,5.04,68.21,Pass
5.36,54.47,38.91,3,5.48,54.23,Pass
3.32,70.88,62.84,6,8.55,69.32,Pass
1.44,93.96,89.55,3,6.74,72.01,Pass
3.18,97.24,67.32,7,7.67,71.12,Pass
3.28,73.37,64.87,4,5.73,67.53,Pass
6.11,80.67,41.33,7,6.04,72.14,Pass
5.46,58.35,74.41,10,4.63,69.46,Pass
7.21,99.56,84.33,2,4.86,87.83,Pass
4.31,61.58,57.83,7,8.14,67.32,Pass
1.84,97.14,81.54,10,6.92,81.37,Pass
5.99,82.48,92.87,5,5.69,81.55,Pass
6.33,80.39,47.23,3,8.01,66.17,Pass
4.93,75.63,66.4,5,5.23,75.1,Pass
6.4,61.53,52.23,2,8.88,68.48,Pass
4.46,58.83,82.57,4,5.72,72.68,Pass
4.66,61.02,69.66,10,5.69,74.03,Pass
3.99,59.32,73.07,6,5.56,70.51,Pass
1.18,88.98,82.87,7,4.61,66.06,Pass
1.76,67.51,58.76,4,4.56,56.21,Pass
1.22,52.89,89.91,6,7.24,64.66,Pass
5.45,98.46,66.98,9,8.38,74.95,Pass
3.2,94.19,44.48,7,7.95,59.23,Pass
4.56,96.39,76.75,5,4.71,72.19,Pass
7.35,99.75,82.6,3,6.73,86.88,Pass
2.75,58.69,54.01,10,4.53,57.56,Pass
3.87,69.81,86.43,2,4.23,62.5,Pass
6.29,87.91,89.37,2,7.28,84.53,Pass
2.6,84.8,51.61,5,6.68,58.51,Pass
1.54,57.69,94.01,8,4.41,75.12,Pass
3.03,90.79,43.44,2,4.17,59.31,Pass
2.13,61.22,47.12,10,8.95,62.97,Pass
7.51,61.19,46.05,5,4.15,66.43,Pass
6.66,76.85,88.64,4,6.22,83.43,Pass
5.43,79.65,74.26,2,6.52,69.09,Pass
7.1,79.0,44.13,5,4.59,70.26,Pass
6.63,54.57,61.42,10,4.85,77.56,Pass
2.31,93.87,71.92,7,5.76,67.05,Pass
7.25,63.28,40.01,7,7.81,68.58,Pass
4.78,56.48,87.94,2,6.54,68.39,Pass
6.65,94.44,83.22,3,7.19,86.74,Pass
7.27,97.78,65.31,7,8.93,84.48,Pass
3.23,93.11,93.03,3,7.84,74.82,Pass
1.77,90.48,60.07,4,6.17,62.32,Pass
2.6,82.76,94.05,5,6.23,80.98,Pass
3.99,77.54,75.08,6,7.09,67.15,Pass
6.73,54.35,73.08,10,7.33,74.65,Pass
7.03,70.42,44.96,5,6.5,63.61,Pass
1.05,68.63,87.92,10,7.22,72.51,Pass
4.58,62.99,60.65,4,4.12,50.53,Pass
3.92,86.17,44.73,9,6.15,75.37,Pass
2.55,74.79,35.76,2,5.39,46.42,Pass
1.84,54.05,68.59,10,4.65,61.29,Pass
3.36,61.01,66.64,10,4.5,75.5,Pass
7.6,84.16,78.16,3,7.02,83.91,Pass
3.26,53.81,88.42,5,6.62,65.32,Pass
4.63,92.56,39.76,9,5.27,69.28,Pass
5.92,74.76,78.89,8,6.35,80.52,Pass
3.55,74.03,46.24,2,6.46,61.55,Pass
7.8,79.62,86.49,6,4.98,83.82,Pass
7.74,91.23,84.14,8,7.26,85.1,Pass
2.76,67.39,67.45,5,7.9,54.96,Pass
4.48,83.9,77.61,2,7.96,79.27,Pass
3.11,78.29,53.86,10,7.01,65.66,Pass
2.99,63.35,63.27,6,6.56,65.69,Pass
1.26,93.93,84.3,3,4.31,66.16,Pass
5.27,89.87,62.56,9,5.44,75.47,Pass
4.52,82.92,56.47,3,4.47,60.35,Pass
1.36,92.53,64.65,4,8.82,73.66,Pass
2.95,93.36,84.69,2,4.68,61.73,Pass
7.36,85.42,55.11,3,4.76,67.32,Pass
2.68,91.85,45.43,8,8.45,72.22,Pass
2.01,84.87,77.72,3,8.72,62.0,Pass
4.43,84.01,84.56,7,7.83,88.14,Pass
7.9,80.93,41.04,4,4.03,69.64,Pass
2.69,87.64,49.39,5,4.01,59.6,Pass
5.7,57.93,43.52,9,5.89,62.03,Pass
6.33,94.04,55.88,4,4.72,63.5,Pass
2.66,93.59,62.02,7,4.09,70.71,Pass
6.1,51.46,79.93,2,6.32,80.41,Pass
3.57,91.29,74.07,8,8.72,80.87,Pass
5.43,56.44,72.26,9,5.62,64.08,Pass
5.43,66.76,56.14,9,7.31,74.48,Pass
4.75,87.18,85.49,4,7.26,82.61,Pass
1.63,58.04,63.28,2,5.26,45.45,Pass
6.85,90.9,93.75,10,7.25,93.13,Pass
3.25,91.61,73.05,7,5.06,69.42,Pass
2.31,75.37,42.58,10,4.61,57.38,Pass
1.29,50.32,75.57,8,7.51,62.39,Pass
5.14,64.35,54.51,2,4.57,52.18,Pass
5.74,80.85,76.18,2,8.98,68.83,Pass
1.12,99.06,39.18,7,4.92,58.54,Pass
4.58,81.59,45.49,6,6.97,64.23,Pass
2.59,62.99,86.34,10,6.06,72.52,Pass
5.52,81.7,48.63,3,4.63,61.71,Pass
2.22,77.0,85.22,9,4.14,65.5,Pass
5.84,88.99,51.76,6,7.11,73.81,Pass
3.71,55.35,73.57,3,8.03,60.92,Pass
7.56,88.05,76.65,7,8.21,89.28,Pass
1.96,77.06,65.76,9,6.41,70.38,Pass
3.39,98.15,53.32,5,7.89,74.29,Pass
1.79,67.09,47.76,3,7.36,51.83,Pass
7.47,81.63,36.99,6,7.62,75.52,Pass
7.14,96.6,53.24,3,6.46,71.28,Pass
2.81,55.13,74.19,3,7.17,58.49,Pass
5.62,96.86,91.3,7,8.03,89.9,Pass
6.72,84.39,87.27,10,5.99,94.5,Pass
4.89,53.39,80.96,5,8.03,74.19,Pass
4.71,65.05,82.31,7,6.96,76.37,Pass
2.69,85.41,74.9,8,4.83,65.96,Pass
1.65,53.37,50.62,7,4.12,53.7,Pass
7.28,79.11,89.43,9,5.81,85.45,Pass
7.3,67.29,75.24,5,6.73,72.42,Pass
5.43,81.05,68.63,2,8.2,65.01,Pass
3.37,52.29,41.66,8,4.64,53.23,Pass
3.44,93.58,61.82,4,8.0,75.3,Pass
6.08,98.67,62.62,7,8.32,77.44,Pass
7.28,98.44,86.87,3,4.75,91.81,Pass
7.21,87.48,67.8,10,8.26,93.08,Pass
6.46,56.5,57.82,2,8.96,56.94,Pass
5.49,87.91,93.61,7,7.63,86.22,Pass
1.59,51.23,41.64,7,7.92,46.16,Pass
2.13,51.11,60.35,6,8.97,62.32,Pass
7.29,66.18,37.52,6,7.03,60.39,Pass
5.25,74.43,79.39,2,5.54,61.05,Pass
1.06,88.52,90.08,6,8.19,73.52,Pass
1.71,84.16,51.8,3,7.07,62.28,Pass
5.64,72.3,86.5,8,6.91,81.78,Pass
1.04,63.68,52.53,4,5.27,51.21,Pass
2.13,99.86,89.65,5,7.78,80.68,Pass
4.84,71.31,80.24,4,4.41,61.74,Pass
5.84,72.57,83.29,4,8.62,73.75,Pass
5.56,58.18,36.08,5,5.63,55.37,Pass
2.57,89.74,92.77,6,4.64,73.11,Pass
5.99,84.68,78.6,2,6.21,82.62,Pass
2.66,61.04,53.29,5,4.21,46.97,Pass
3.28,54.12,84.76,9,7.42,69.25,Pass
6.23,84.02,51.89,8,8.51,78.4,Pass
5.55,82.73,87.37,10,8.19,86.81,Pass
6.94,63.66,41.75,6,4.64,48.0,Pass
5.6,97.54,77.22,5,4.63,88.15,Pass
4.98,57.55,67.44,9,8.07,68.25,Pass
1.66,71.62,40.79,10,8.62,64.47,Pass
3.57,97.18,49.51,8,6.3,63.86,Pass
2.86,70.99,35.74,8,6.49,52.88,Pass
2.71,81.93,63.13,6,5.59,56.94,Pass
7.81,69.88,53.08,5,8.47,69.53,Pass
3.75,63.71,70.9,2,7.22,58.57,Pass
7.24,99.2,52.83,8,5.44,79.27,Pass
5.42,70.47,53.0,2,5.49,57.44,Pass
6.56,94.7,79.59,2,8.46,73.88,Pass
4.52,61.5,37.89,6,4.07,51.19,Pass
5.04,60.66,89.17,10,5.61,87.94,Pass
4.45,51.56,86.14,7,6.77,79.42,Pass
2.37,82.58,75.07,4,4.74,66.8,Pass
6.06,68.43,70.59,4,4.46,71.63,Pass
2.97,93.22,88.54,8,8.08,93.7,Pass
1.17,73.66,46.12,7,8.47,61.01,Pass
5.52,98.41,39.74,10,8.12,80.27,Pass
2.24,59.28,49.37,7,8.49,50.57,Pass
7.58,93.43,82.67,6,6.77,82.81,Pass
7.68,88.83,37.08,8,8.06,75.89,Pass
7.4,88.55,69.97,2,5.92,71.2,Pass
3.59,92.24,94.73,8,7.33,81.0,Pass
1.11,88.05,86.34,4,8.94,67.32,Pass
7.5,81.31,66.29,10,5.13,76.31,Pass
4.0,56.56,38.82,7,5.95,51.4,Pass
7.77,51.63,84.88,10,6.4,86.41,Pass
7.75,96.04,70.94,6,4.69,91.81,Pass
6.97,80.83,41.9,8,4.41,73.57,Pass
3.06,89.83,40.63,5,8.15,64.79,Pass
3.7,74.08,89.58,8,8.88,73.65,Pass
6.96,55.87,75.15,2,6.02,68.49,Pass
3.22,56.26,84.76,8,4.44,68.77,Pass
2.19,84.28,87.74,9,4.33,77.39,Pass
4.9,71.52,69.31,6,8.46,71.72,Pass
7.55,60.03,66.05,3,6.32,77.4,Pass
5.87,74.58,60.83,6,5.6,70.6,Pass
4.99,53.21,54.02,7,6.38,63.59,Pass
1.68,79.1,61.08,3,5.59,46.75,Pass
5.31,63.45,81.43,7,6.45,75.33,Pass
7.93,89.88,71.12,7,8.3,93.39,Pass
1.98,65.52,88.55,2,6.96,66.46,Pass
4.63,72.76,61.6,2,7.47,52.51,Pass
7.14,50.58,71.43,4,5.82,66.24,Pass
6.19,53.62,72.88,4,7.69,78.27,Pass
5.88,69.62,70.5,5,7.33,72.33,Pass
5.92,74.0,77.16,3,4.6,71.93,Pass
3.52,80.0,49.25,10,6.86,77.36,Pass
3.06,64.58,65.74,8,5.28,64.36,Pass
6.67,84.75,41.25,8,8.02,77.87,Pass
6.67,93.01,58.07,7,6.13,80.17,Pass
7.07,88.99,64.26,4,8.97,82.31,Pass
7.39,51.98,74.13,7,4.46,75.17,Pass
4.58,74.03,92.03,9,7.9,82.41,Pass
4.51,55.25,71.04,9,7.37,70.06,Pass
6.59,62.1,79.62,10,7.84,79.99,Pass
5.55,99.33,65.38,2,5.54,63.04,Pass
5.91,57.12,73.05,2,6.46,71.61,Pass
6.57,74.94,39.26,4,7.98,64.53,Pass
7.23,80.91,50.26,4,5.16,74.06,Pass
3.37,85.12,56.71,9,5.13,77.03,Pass
3.63,77.98,63.35,2,6.76,62.11,Pass
1.66,50.49,37.74,3,6.62,35.85,Needs Support
5.05,66.32,43.4,3,5.41,54.4,Pass
1.25,75.89,51.61,4,5.49,49.4,Pass
4.26,54.39,93.29,7,5.39,63.96,Pass
4.8,67.53,54.88,2,7.86,58.01,Pass
3.01,51.66,63.92,3,7.26,55.66,Pass
5.14,53.93,46.77,2,8.16,52.27,Pass
1.21,69.85,71.65,6,8.88,61.37,Pass
1.26,56.64,51.84,8,6.37,48.71,Pass
6.76,78.38,47.42,9,4.33,72.77,Pass
3.52,84.47,65.99,2,4.24,70.45,Pass
1.89,90.03,35.33,8,5.48,64.56,Pass
4.66,60.01,35.46,6,8.66,61.72,Pass
6.39,58.37,48.14,2,6.62,61.74,Pass
2.51,55.23,37.2,4,5.36,44.87,Pass
5.36,81.82,41.48,8,6.0,58.55,Pass
1.6,85.32,55.33,2,6.99,54.24,Pass
1.36,51.58,83.16,8,7.26,61.27,Pass
4.72,96.81,69.32,6,4.77,75.76,Pass
4.78,52.6,65.76,2,8.89,67.96,Pass
5.46,77.06,52.61,2,6.72,72.27,Pass
6.08,85.45,90.91,2,4.68,77.32,Pass
7.83,93.55,58.82,10,8.47,80.38,Pass
4.61,85.7,40.23,4,4.37,58.6,Pass
3.26,90.09,72.02,6,8.54,75.58,Pass
6.57,66.97,41.83,10,8.98,76.97,Pass
2.9,90.74,55.71,7,7.5,68.83,Pass
4.07,54.01,65.44,10,7.85,71.34,Pass
1.55,94.74,87.45,9,5.69,75.33,Pass
1.18,77.38,64.61,9,8.71,67.29,Pass
7.74,90.86,77.14,2,6.65,82.6,Pass
6.85,72.62,94.57,10,7.66,82.53,Pass
5.87,82.18,42.89,7,8.62,69.49,Pass
3.86,76.32,51.48,10,8.88,75.85,Pass
2.21,86.58,58.67,4,8.17,71.72,Pass
2.1,54.08,60.31,4,5.52,50.49,Pass
2.75,53.02,59.66,7,8.83,68.04,Pass
4.84,62.36,89.46,10,7.14,91.03,Pass
6.0,57.98,77.84,8,8.65,77.2,Pass
5.62,93.59,71.47,4,7.38,74.53,Pass
2.96,60.96,53.56,4,5.54,53.12,Pass
7.68,98.79,84.43,3,5.85,84.57,Pass
6.17,66.84,92.3,10,6.75,92.99,Pass
4.88,59.11,84.27,4,7.95,68.14,Pass
5.28,89.48,35.09,6,5.59,71.26,Pass
3.94,82.94,73.18,10,6.9,75.47,Pass
2.73,74.91,38.07,9,5.73,52.94,Pass
3.49,77.77,50.46,3,8.08,62.64,Pass
6.3,85.96,38.57,4,6.33,70.51,Pass
1.1,61.42,71.23,3,4.38,53.69,Pass
1.81,99.82,76.2,9,4.83,77.63,Pass
1.32,98.74,41.87,7,4.31,68.08,Pass
1.29,82.52,58.03,7,6.5,68.67,Pass
6.99,59.98,62.37,10,4.53,74.89,Pass
5.93,84.01,57.14,9,4.57,72.65,Pass
4.32,53.61,42.26,5,8.71,62.41,Pass
1.68,51.53,60.14,5,8.36,59.83,Pass
4.44,62.88,80.07,10,6.26,79.45,Pass
4.31,73.13,39.26,2,8.93,54.89,Pass
2.21,93.41,39.81,3,4.0,51.74,Pass
4.04,86.36,56.29,3,7.07,63.63,Pass
3.79,87.14,91.5,7,7.08,80.73,Pass
5.31,71.27,75.11,5,6.29,69.42,Pass
5.45,67.3,75.72,4,5.98,71.45,Pass
1.32,68.55,56.72,4,6.28,50.58,Pass
3.62,99.38,70.62,4,6.07,72.79,Pass
5.38,52.01,35.61,7,7.65,48.1,Pass
4.52,93.35,73.17,9,4.68,76.36,Pass
7.0,78.93,89.8,8,4.99,92.13,Pass
5.61,71.93,71.75,5,4.9,66.0,Pass
2.14,86.26,87.42,5,5.31,74.35,Pass
1.49,74.33,78.44,3,6.63,58.14,Pass
5.5,93.67,42.23,2,4.56,64.29,Pass
1.19,95.04,89.15,10,8.34,81.45,Pass
5.1,71.09,38.99,3,5.49,53.57,Pass
7.58,63.84,67.04,9,4.81,77.92,Pass
5.03,79.62,43.53,10,7.38,64.85,Pass
3.72,95.62,35.7,5,4.19,63.08,Pass
5.5,60.53,60.32,9,7.1,78.54,Pass
4.21,81.15,52.7,10,7.49,71.44,Pass
4.82,81.58,64.16,6,5.07,72.61,Pass
7.59,86.66,69.63,8,4.21,85.96,Pass
3.7,56.58,37.62,5,5.82,50.6,Pass
7.73,85.79,42.38,2,4.49,58.45,Pass
7.34,95.45,68.52,4,4.58,85.66,Pass
2.37,58.98,55.59,6,5.27,53.49,Pass
1.49,61.88,78.75,4,5.48,56.27,Pass
1.71,98.57,74.14,8,6.65,83.03,Pass
1.13,59.05,85.74,10,7.39,74.51,Pass
1.66,92.72,76.55,7,6.96,74.27,Pass
5.78,74.61,60.8,2,4.74,58.22,Pass
1.5,62.36,75.38,8,4.86,67.57,Pass
3.23,93.54,51.52,4,8.39,80.05,Pass
6.91,72.27,53.38,6,6.79,75.59,Pass
1.16,75.74,82.34,5,8.35,70.66,Pass
6.7,67.96,61.79,6,5.86,75.0,Pass
2.97,79.65,82.9,6,7.07,72.21,Pass
1.83,58.18,84.35,7,6.62,65.39,Pass
5.88,69.55,86.45,7,5.6,77.8,Pass
5.4,98.47,90.0,9,6.35,87.87,Pass
7.14,62.91,60.86,9,6.51,74.44,Pass
6.15,82.84,54.13,10,5.0,74.24,Pass
6.62,66.26,69.93,9,5.58,76.57,Pass
2.97,88.67,57.27,3,7.96,62.33,Pass
2.24,56.54,71.06,2,8.58,59.12,Pass
6.25,98.49,77.34,3,5.8,79.18,Pass
6.65,72.69,76.3,3,5.53,73.48,Pass
7.93,61.8,57.47,4,4.98,74.98,Pass
3.89,53.67,45.01,8,7.39,60.15,Pass
3.6,58.49,60.83,3,5.62,67.22,Pass
6.43,75.99,43.56,2,8.94,65.82,Pass
3.39,66.85,88.41,7,5.63,71.14,Pass
7.52,91.44,55.75,10,5.97,90.08,Pass
7.01,71.54,44.27,4,7.02,64.92,Pass
4.0,62.44,36.53,7,8.01,46.54,Pass
6.26,80.86,73.75,4,6.35,75.26,Pass
6.28,85.34,73.21,2,6.11,71.75,Pass
1.72,58.35,55.44,6,8.98,66.1,Pass
7.32,58.38,39.3,5,4.05,54.52,Pass
4.54,51.83,59.58,8,8.48,65.66,Pass
6.79,86.82,53.67,7,4.75,79.99,Pass
3.24,83.19,75.63,8,7.93,78.86,Pass
7.27,73.73,71.35,6,7.09,78.23,Pass
3.72,92.21,56.88,5,5.71,62.84,Pass
1.08,90.28,48.07,8,8.37,65.89,Pass
7.34,79.27,94.28,8,4.06,87.89,Pass
1.64,93.41,62.24,7,5.13,62.06,Pass
3.24,60.29,76.3,9,6.83,67.99,Pass
7.65,55.6,43.43,5,5.76,58.56,Pass
7.65,63.49,64.14,6,7.05,69.95,Pass
5.01,52.85,36.65,5,4.12,55.69,Pass
5.42,76.56,65.33,2,4.58,68.06,Pass
4.14,96.83,92.84,9,4.64,90.79,Pass
3.05,51.97,58.05,2,4.95,49.9,Pass
3.3,56.11,37.34,6,6.3,50.69,Pass
5.71,72.61,36.86,7,7.76,64.01,Pass
6.27,96.69,58.28,7,8.53,86.08,Pass
6.54,65.81,44.6,6,8.18,58.13,Pass
6.53,75.36,36.4,4,4.98,57.31,Pass
1.64,52.08,80.37,6,6.21,57.26,Pass
4.46,57.42,62.51,9,5.0,73.68,Pass
1.4,99.33,52.35,3,5.32,55.16,Pass
4.85,98.26,89.0,7,6.52,77.97,Pass
4.09,50.25,41.97,10,4.34,58.8,Pass
7.21,97.59,92.36,9,5.09,92.52,Pass
3.46,81.96,53.84,9,8.68,69.1,Pass
1.82,93.4,88.3,9,6.33,76.6,Pass
2.0,72.74,71.18,8,6.23,64.07,Pass
6.33,75.78,84.6,9,4.07,86.31,Pass
5.33,74.44,94.04,7,5.24,82.75,Pass
1.71,83.34,52.3,3,8.33,56.92,Pass
1.59,56.98,92.67,3,4.82,55.45,Pass
5.91,51.5,58.37,9,6.08,68.02,Pass
1.51,65.4,58.13,2,4.07,49.66,Pass
6.75,85.23,55.42,7,6.39,77.25,Pass
5.94,60.09,67.48,7,4.11,69.73,Pass
1.57,83.67,44.25,5,8.1,52.93,Pass
1.59,98.5,68.22,4,8.12,56.22,Pass
7.91,54.7,67.5,4,7.94,81.59,Pass
3.62,83.63,80.71,2,5.42,61.16,Pass
3.59,72.19,85.02,4,8.19,62.79,Pass
6.69,93.41,61.43,5,6.71,77.79,Pass
7.63,58.86,53.14,6,5.87,59.89,Pass
7.9,84.63,50.56,4,7.13,69.14,Pass
6.27,91.91,46.68,7,4.06,73.12,Pass
3.63,97.23,38.46,6,4.71,70.37,Pass
1.58,84.16,55.55,4,7.71,61.63,Pass
6.44,74.86,51.21,7,5.22,67.31,Pass
4.91,80.89,92.99,7,6.99,83.67,Pass
3.97,93.45,68.46,9,5.93,68.81,Pass
7.34,78.53,55.84,3,8.27,69.71,Pass
1.78,51.52,69.83,2,8.76,53.03,Pass
4.45,96.55,43.35,5,8.42,68.8,Pass
1.08,84.48,61.64,8,5.35,73.53,Pass
4.28,83.83,72.57,4,4.97,59.34,Pass
1.39,60.78,64.33,4,6.37,52.81,Pass
1.83,82.94,59.11,6,4.04,50.68,Pass
1.82,69.69,94.63,6,4.13,66.54,Pass
5.54,82.56,87.82,4,6.77,75.03,Pass
6.22,55.33,72.4,10,6.6,70.18,Pass
5.08,82.89,69.16,5,8.97,80.47,Pass
7.74,99.97,72.24,4,5.01,82.9,Pass
3.62,52.41,47.08,3,5.29,53.47,Pass
3.0,98.86,58.71,10,4.57,70.59,Pass
7.08,70.35,37.37,5,8.59,65.82,Pass
2.57,93.54,63.53,4,7.89,75.47,Pass
7.74,89.12,67.58,8,8.11,87.01,Pass
1.09,78.35,48.66,9,8.51,67.09,Pass
7.79,86.92,92.84,3,6.62,83.06,Pass
1.3,93.93,89.57,8,6.26,81.17,Pass
7.24,70.21,78.33,6,5.65,76.1,Pass
4.69,66.35,67.0,6,6.95,59.63,Pass
7.95,83.38,87.2,4,6.27,84.73,Pass
1.52,90.39,42.84,6,6.26,55.54,Pass
4.88,88.11,82.43,3,8.68,69.87,Pass
7.79,89.89,42.49,5,8.92,75.97,Pass
4.66,71.78,82.65,7,7.98,74.14,Pass
5.41,90.89,51.55,2,7.78,82.08,Pass
5.87,56.01,87.63,5,7.4,68.41,Pass
4.18,77.22,91.64,7,4.83,72.07,Pass
5.39,50.29,43.93,10,4.3,65.93,Pass
5.09,66.23,62.76,3,7.45,64.03,Pass
7.31,68.32,93.86,8,7.64,93.62,Pass
1.32,69.81,64.0,7,4.23,60.63,Pass
2.97,84.77,86.81,3,8.64,70.95,Pass
7.65,69.43,70.32,9,4.46,73.05,Pass
7.23,72.43,57.52,8,5.43,80.19,Pass
4.19,61.88,52.15,6,7.36,55.59,Pass
5.34,68.66,47.19,6,4.85,64.65,Pass
2.94,61.36,80.71,8,4.28,72.67,Pass
2.32,53.66,58.19,10,5.66,60.73,Pass
4.25,80.17,65.68,10,7.83,76.52,Pass
3.47,83.41,64.54,10,6.07,69.49,Pass
5.09,80.97,69.64,7,7.26,78.86,Pass
1.54,73.17,86.93,7,6.9,56.13,Pass
7.82,68.99,93.84,4,4.11,84.16,Pass
7.9,93.17,59.46,2,8.94,78.19,Pass
5.89,75.95,84.65,8,4.21,79.27,Pass
4.75,73.96,80.87,5,8.84,77.99,Pass
3.17,51.28,69.41,2,6.75,49.26,Pass
6.7,67.06,92.36,9,8.82,77.85,Pass
5.79,69.01,47.03,7,4.57,66.53,Pass
2.14,69.94,41.56,7,6.45,62.2,Pass
7.38,79.01,86.24,3,4.85,70.0,Pass
6.76,76.68,61.35,2,4.25,60.38,Pass
7.65,80.4,85.82,3,7.09,86.02,Pass
6.08,88.24,88.59,5,5.04,83.61,Pass
5.29,90.65,38.75,3,6.94,77.1,Pass
3.93,85.91,88.01,2,4.56,75.95,Pass
7.53,97.78,61.9,8,5.66,87.9,Pass
7.06,50.91,65.63,9,7.91,72.52,Pass
1.32,59.79,72.6,7,6.19,64.19,Pass
1.18,50.38,90.58,5,7.14,70.8,Pass
3.64,82.37,36.15,7,7.24,60.7,Pass
6.67,94.9,63.61,4,8.22,77.95,Pass
7.91,62.17,76.26,9,5.62,82.97,Pass
2.05,96.35,78.36,3,7.44,66.75,Pass
5.16,53.01,76.55,6,8.81,73.86,Pass
3.67,96.72,43.07,2,7.65,61.82,Pass
7.79,67.58,52.96,7,6.45,80.55,Pass
6.89,55.07,56.52,3,7.15,62.93,Pass
6.87,74.29,83.27,5,7.7,85.0,Pass
4.28,62.84,51.73,7,7.06,62.69,Pass
3.9,64.24,47.64,9,4.08,64.09,Pass
2.91,65.36,92.45,9,4.97,74.2,Pass
1.39,90.15,35.53,7,8.05,61.49,Pass
7.05,76.96,94.87,5,5.36,87.65,Pass
6.69,65.57,75.61,9,7.66,76.94,Pass
8.0,80.52,84.71,9,5.86,95.82,Pass
7.98,85.81,52.68,2,6.61,69.93,Pass
4.89,63.63,35.86,5,4.34,51.04,Pass
6.38,70.68,79.27,5,4.91,71.21,Pass
7.61,56.09,85.05,8,8.79,86.86,Pass
6.95,59.06,79.43,8,8.45,82.05,Pass
2.73,84.06,43.57,9,7.26,67.16,Pass
4.15,59.07,80.21,6,6.3,71.73,Pass
1.9,76.26,81.14,8,7.38,76.12,Pass
7.68,85.45,74.51,9,7.09,100.0,Pass
5.24,55.34,80.97,10,6.84,78.69,Pass
2.6,78.37,85.76,4,4.3,63.59,Pass
5.7,62.83,71.82,4,7.16,59.6,Pass
5.33,98.15,40.32,5,7.84,62.9,Pass
3.51,74.18,64.26,6,8.97,75.74,Pass
1.79,90.3,39.66,2,4.06,52.41,Pass
5.7,77.51,59.45,8,7.65,68.87,Pass
4.64,52.17,59.43,10,6.86,81.0,Pass
6.41,81.66,38.96,9,6.17,72.6,Pass
4.64,97.57,55.93,6,4.64,72.44,Pass
6.97,80.08,41.66,5,6.05,77.99,Pass
4.86,90.96,83.49,8,5.77,91.74,Pass
4.93,94.21,91.86,6,5.51,87.54,Pass
7.14,61.4,39.34,8,7.65,72.29,Pass
3.82,60.6,92.31,2,7.5,73.64,Pass
1.94,80.55,66.35,2,6.95,58.34,Pass
1.2,70.55,52.97,4,8.69,57.05,Pass
6.29,91.99,39.61,3,5.75,66.85,Pass
5.34,95.0,65.04,3,5.22,70.0,Pass
5.93,67.67,82.67,8,7.28,76.58,Pass
2.49,61.84,77.43,3,4.99,57.95,Pass
1.95,89.03,38.01,5,5.58,49.7,Pass
1.1,63.74,39.37,3,5.12,43.44,Pass
3.45,91.13,59.17,7,4.35,58.94,Pass
5.13,71.19,52.72,9,8.14,74.04,Pass
3.75,83.38,48.94,5,5.27,53.01,Pass
4.06,54.78,51.86,6,6.37,56.62,Pass
7.33,81.19,83.21,5,4.22,82.82,Pass
3.44,72.59,90.75,4,7.5,77.46,Pass
4.6,79.33,59.31,6,5.65,71.23,Pass
6.49,58.4,89.37,10,7.72,87.96,Pass
3.78,86.84,54.29,9,6.06,65.33,Pass
5.35,93.14,63.59,9,4.98,83.3,Pass
7.04,60.84,48.56,9,6.57,65.69,Pass
7.65,54.79,73.43,9,4.65,83.07,Pass
2.03,51.18,93.74,8,6.2,73.26,Pass
7.49,82.1,71.21,9,5.59,91.16,Pass
4.44,80.35,56.47,9,8.56,74.86,Pass
2.81,77.33,73.87,9,4.3,66.78,Pass
4.21,61.6,42.38,8,7.47,55.27,Pass
7.86,69.55,88.32,2,4.91,70.94,Pass
4.45,79.72,65.19,5,5.6,59.9,Pass
3.3,74.84,61.96,5,6.08,68.15,Pass
5.43,99.39,70.15,6,8.54,87.57,Pass
2.68,56.82,72.49,7,5.21,65.8,Pass
1.53,84.76,39.31,5,4.46,51.46,Pass
1.9,70.22,75.96,3,5.59,70.41,Pass
1.9,71.41,49.52,7,4.52,55.36,Pass
2.06,85.88,77.84,9,4.64,74.05,Pass
1.97,84.62,84.35,9,6.87,77.11,Pass
5.49,99.56,83.24,8,4.3,83.21,Pass
2.27,56.42,68.15,7,4.15,62.28,Pass
3.42,55.21,66.21,3,7.57,55.94,Pass
7.28,86.22,43.57,8,5.81,70.47,Pass
4.32,78.92,81.52,6,4.63,77.02,Pass
5.67,63.71,51.28,7,5.27,62.39,Pass
2.21,53.97,64.8,9,7.21,64.51,Pass
2.35,54.28,52.06,9,5.38,55.9,Pass
1.29,94.71,43.03,4,6.47,55.66,Pass
2.18,59.59,72.77,8,4.61,59.99,Pass
2.95,66.17,38.26,2,6.94,45.43,Pass
2.24,61.33,79.92,2,5.58,54.5,Pass
1.62,67.75,54.06,8,7.13,64.69,Pass
1.84,53.47,35.01,10,8.04,55.74,Pass
4.23,75.95,65.67,8,7.06,77.6,Pass
2.44,53.38,37.81,6,5.48,53.39,Pass
3.55,90.02,51.57,9,5.28,66.96,Pass
4.52,61.69,77.42,3,5.64,69.5,Pass
5.83,77.0,38.76,10,4.82,68.12,Pass
1.28,94.0,85.36,7,4.91,72.16,Pass
6.6,82.54,35.23,10,7.95,80.26,Pass
5.4,76.65,49.81,3,5.92,64.46,Pass
1.57,66.22,79.45,4,6.18,59.95,Pass
7.12,66.65,53.98,9,6.97,77.65,Pass
7.45,83.47,41.11,2,6.95,58.88,Pass
1.43,99.71,56.61,8,4.34,66.75,Pass
2.94,83.09,51.22,8,8.16,60.34,Pass
6.64,77.89,85.56,2,4.89,69.97,Pass
6.24,86.53,53.8,10,7.62,83.12,Pass
2.29,73.26,82.34,9,7.86,62.45,Pass
2.47,53.01,88.51,5,7.57,76.0,Pass
3.59,78.11,61.03,6,6.89,71.32,Pass
4.39,97.88,89.6,3,4.07,67.0,Pass
5.33,58.77,57.64,10,5.8,82.14,Pass
3.58,84.5,92.84,7,7.02,94.88,Pass
4.24,60.05,40.36,4,5.94,51.95,Pass
6.23,76.79,76.22,8,8.32,78.8,Pass
1.26,54.83,64.63,10,5.54,69.55,Pass
2.77,72.52,58.26,4,5.47,56.28,Pass
5.99,87.81,72.96,3,5.33,74.17,Pass
7.27,67.38,77.23,8,5.66,86.92,Pass
4.58,83.25,35.26,8,6.79,63.98,Pass
4.72,89.77,45.02,5,7.54,65.35,Pass
1.75,96.36,77.78,10,7.31,73.1,Pass
4.13,61.73,74.98,9,8.04,72.0,Pass
4.73,69.97,92.96,2,8.43,73.66,Pass
2.7,57.62,80.66,2,8.08,55.88,Pass
2.88,99.62,92.05,6,4.09,72.51,Pass
3.64,96.35,77.15,7,7.68,80.08,Pass
1.14,77.0,52.88,4,5.04,43.41,Pass
3.25,92.1,41.32,10,4.66,61.83,Pass
2.48,76.05,81.91,7,7.19,82.73,Pass
3.29,81.18,73.65,5,5.6,66.79,Pass
1.84,54.46,37.89,8,4.29,46.26,Pass
7.23,87.76,56.6,9,4.69,77.21,Pass
5.16,56.39,92.41,10,4.0,77.46,Pass
5.75,91.3,65.02,7,8.52,83.56,Pass
6.52,89.1,60.96,7,4.12,77.9,Pass
4.49,85.44,62.46,9,5.05,72.05,Pass
1.61,51.81,47.53,6,6.08,48.84,Pass
4.76,65.16,57.12,4,5.78,67.68,Pass
5.11,63.16,57.19,4,8.56,57.29,Pass
6.22,68.01,38.14,7,4.2,61.15,Pass
4.02,54.38,81.05,3,6.56,65.07,Pass
1.89,96.85,59.99,7,7.4,65.44,Pass
2.99,77.69,84.33,7,8.66,76.72,Pass
3.54,65.28,86.02,9,7.1,72.74,Pass
5.52,69.85,47.72,8,8.02,72.78,Pass
5.0,72.36,74.44,9,4.42,68.74,Pass
3.49,80.03,63.34,10,5.93,78.33,Pass
7.91,75.78,87.81,7,5.87,86.62,Pass
5.24,95.97,47.94,4,8.43,67.75,Pass
2.66,74.85,75.67,4,4.76,58.53,Pass
1.71,99.61,71.47,2,4.76,68.06,Pass
2.07,92.57,52.72,6,5.64,59.28,Pass
2.72,60.43,43.2,5,4.27,43.82,Pass
2.12,96.53,74.1,10,4.91,81.53,Pass
2.31,55.82,79.32,10,8.83,68.55,Pass
3.0,90.87,53.94,6,6.14,64.98,Pass
2.21,69.03,73.69,5,7.16,68.77,Pass
7.28,93.9,58.71,8,7.63,84.16,Pass
1.56,93.4,77.79,7,5.83,80.64,Pass
4.67,90.3,46.95,5,4.74,59.7,Pass
3.87,89.5,88.41,3,5.03,72.49,Pass
7.88,65.23,52.24,2,5.57,63.3,Pass
1.78,54.05,57.07,5,7.18,57.17,Pass
3.78,70.15,38.49,5,5.99,61.6,Pass
7.79,58.68,41.69,2,4.03,56.94,Pass
7.06,84.75,65.95,7,6.62,79.67,Pass
6.72,67.3,51.06,5,8.61,61.91,Pass
2.81,98.78,85.13,2,8.06,74.74,Pass
2.2,82.05,35.88,2,8.13,48.06,Pass
5.68,91.12,57.75,2,7.98,72.86,Pass
7.51,56.63,55.24,9,5.62,70.45,Pass
4.9,93.1,36.16,9,7.83,69.86,Pass
5.0,96.14,42.46,3,4.72,54.26,Pass
2.96,74.35,59.82,8,7.29,58.61,Pass
6.39,80.31,64.57,9,7.21,90.1,Pass
2.31,88.24,59.26,9,4.13,67.68,Pass
3.27,58.74,66.86,8,7.94,69.8,Pass
3.98,75.13,70.71,6,8.52,68.13,Pass
4.55,69.93,35.6,2,5.34,55.11,Pass
2.7,57.32,62.85,10,8.06,71.22,Pass
1.8,68.38,92.81,8,4.41,67.37,Pass
5.27,53.41,66.14,3,7.0,57.29,Pass
3.02,51.29,75.65,7,6.43,61.4,Pass
5.07,56.76,53.71,3,6.73,58.09,Pass
2.08,98.16,81.44,2,8.63,72.44,Pass
4.37,77.48,81.38,8,8.36,80.99,Pass
4.73,98.29,66.28,3,7.93,80.09,Pass
1.36,71.62,93.56,3,5.37,61.43,Pass
3.36,65.59,42.53,6,8.56,53.51,Pass
1.94,75.31,36.02,6,4.49,50.67,Pass
1.44,71.98,81.21,8,8.27,63.48,Pass
7.93,55.28,83.43,2,5.64,76.09,Pass
3.26,82.04,42.21,9,4.27,62.54,Pass
6.67,60.8,50.93,4,7.35,62.83,Pass
2.78,80.98,36.05,5,5.16,51.54,Pass
5.77,82.51,52.6,10,5.22,79.27,Pass
6.32,57.6,81.39,5,5.53,77.22,Pass
5.17,53.07,66.08,6,4.32,62.27,Pass
4.3,89.04,55.89,8,4.89,73.39,Pass
3.88,72.99,57.3,5,4.03,64.66,Pass
3.44,52.91,35.08,2,6.23,46.26,Pass
7.51,99.74,52.99,10,4.42,81.53,Pass
6.81,52.89,73.79,5,7.41,74.39,Pass
7.76,84.75,93.45,10,5.18,89.3,Pass
1.87,99.18,85.82,7,8.72,80.83,Pass
6.12,61.96,36.42,2,8.36,55.39,Pass
7.57,57.11,88.91,4,5.45,74.91,Pass
2.27,56.07,81.99,3,7.92,53.75,Pass
1.47,65.16,81.82,10,8.02,68.07,Pass
6.19,55.05,62.48,2,8.93,62.39,Pass
5.02,84.61,58.88,10,6.99,82.18,Pass
6.89,53.11,53.17,10,4.41,70.84,Pass
1.98,75.47,38.94,9,7.23,64.32,Pass
6.57,99.83,48.69,9,7.12,86.68,Pass
2.41,90.7,49.8,2,7.19,59.41,Pass
2.15,80.76,64.04,9,5.54,68.81,Pass
2.15,65.31,79.85,4,8.3,60.74,Pass
6.7,81.19,63.43,8,8.8,91.74,Pass
5.66,76.35,38.47,2,5.09,48.71,Pass
4.66,71.3,92.47,2,4.44,70.77,Pass
3.51,56.54,91.56,6,4.97,74.09,Pass
7.14,94.33,82.11,6,8.1,93.13,Pass
3.75,72.49,94.48,9,7.38,77.14,Pass
6.72,59.73,67.67,8,7.18,73.92,Pass
4.07,68.39,92.77,9,6.01,76.47,Pass
3.64,70.71,39.54,7,6.89,49.48,Pass
4.24,91.38,56.94,7,5.54,71.17,Pass
3.11,86.68,48.52,3,6.39,55.0,Pass
6.23,88.47,46.75,7,7.97,81.65,Pass
4.52,50.55,43.45,6,8.91,61.91,Pass
2.63,70.81,72.34,4,8.66,66.19,Pass
7.3,74.07,81.88,7,8.67,83.96,Pass
3.69,50.96,69.7,9,6.01,67.64,Pass
4.8,62.99,43.82,10,6.34,64.43,Pass
7.35,88.01,83.67,2,7.53,82.03,Pass
5.37,56.86,73.16,4,8.61,79.08,Pass
1.82,76.77,58.29,4,4.71,50.47,Pass
7.58,60.76,75.45,9,5.52,79.83,Pass
5.39,50.61,50.59,2,4.7,56.01,Pass
3.34,62.06,55.71,6,7.06,58.85,Pass
1.97,98.79,90.05,4,5.53,81.69,Pass
6.56,90.08,52.43,3,5.63,71.91,Pass
5.34,97.98,63.2,9,4.35,75.1,Pass
4.73,74.39,88.41,4,5.75,75.3,Pass
7.26,55.49,77.46,8,8.31,77.58,Pass
6.52,77.4,38.73,2,5.17,54.42,Pass
2.06,72.72,43.84,7,7.48,57.45,Pass
3.18,92.22,35.47,4,7.15,64.32,Pass
2.74,54.9,72.86,9,8.32,73.28,Pass
6.21,74.41,61.86,7,4.66,71.75,Pass
1.23,57.5,43.06,3,8.89,51.6,Pass
4.99,66.23,92.48,7,6.91,81.54,Pass
6.34,86.87,66.78,8,8.98,77.86,Pass
7.14,73.8,49.51,6,8.56,72.17,Pass
3.39,68.79,65.04,4,5.11,60.21,Pass
6.75,69.72,75.78,5,4.28,77.27,Pass
1.77,72.97,39.57,5,5.28,47.53,Pass
6.93,89.25,51.48,7,6.64,71.55,Pass
1.89,94.6,83.42,2,4.86,66.18,Pass
3.78,97.77,62.58,5,4.84,65.87,Pass
6.58,89.35,67.79,5,6.31,75.98,Pass
2.05,65.77,60.97,2,4.17,50.5,Pass
2.6,84.41,37.63,10,4.61,59.4,Pass
6.06,71.88,44.94,5,6.08,68.45,Pass
6.04,62.73,61.73,8,4.32,76.64,Pass
5.49,92.04,47.55,4,5.98,70.87,Pass
5.86,51.92,38.0,4,6.37,45.71,Pass
4.8,95.09,85.62,9,6.26,83.53,Pass
2.76,73.07,93.87,9,8.35,80.65,Pass
3.42,81.86,82.59,2,6.65,59.67,Pass
2.27,82.97,86.23,3,6.34,64.33,Pass
7.36,94.76,49.52,9,6.05,79.23,Pass
5.08,81.83,92.64,2,8.09,76.05,Pass
3.81,80.7,46.82,9,8.48,69.79,Pass
4.23,53.33,92.09,9,8.27,72.66,Pass
7.63,75.92,94.69,3,7.37,82.24,Pass
2.07,57.51,77.7,5,4.69,60.64,Pass
5.1,86.87,93.87,7,5.38,84.34,Pass
4.54,75.61,69.17,10,4.23,76.78,Pass
5.28,84.01,50.57,9,8.65,77.73,Pass
1.13,52.08,61.22,9,7.3,57.49,Pass
7.1,54.24,70.61,8,7.73,77.92,Pass
7.52,85.82,39.38,10,5.56,71.72,Pass
4.96,53.6,72.34,3,8.23,64.13,Pass
5.88,53.56,93.87,4,5.3,68.02,Pass
7.46,50.61,46.41,9,4.01,71.17,Pass
5.95,97.83,82.56,7,5.88,84.42,Pass
2.07,86.88,89.47,10,6.85,86.75,Pass
5.03,67.66,91.62,5,6.39,78.3,Pass
5.25,64.83,92.61,9,8.31,80.78,Pass
3.97,67.49,66.29,4,4.53,62.68,Pass
6.16,88.73,93.64,4,6.77,88.52,Pass
7.54,83.07,80.44,9,6.56,88.76,Pass
7.48,59.26,44.7,6,5.41,65.02,Pass
4.16,58.71,63.61,4,8.11,60.31,Pass
1.79,54.92,78.1,2,7.76,57.98,Pass
7.89,83.02,49.84,4,7.66,74.32,Pass
6.87,88.22,73.44,10,8.38,87.1,Pass
1.87,63.25,75.0,6,7.61,59.48,Pass
7.45,51.05,44.76,3,5.16,64.17,Pass
7.09,54.11,68.91,8,7.53,79.42,Pass
4.63,98.39,81.3,3,5.54,73.04,Pass
5.14,64.77,64.93,5,5.21,66.62,Pass
3.79,88.46,35.73,8,4.37,53.95,Pass
1.38,81.23,35.54,5,7.72,43.09,Pass
3.35,69.1,56.42,8,7.56,71.87,Pass
6.62,60.28,90.57,8,5.17,82.68,Pass
1.03,56.07,48.72,2,7.75,45.71,Pass
3.33,80.75,73.06,7,8.59,76.07,Pass
3.79,88.73,48.32,10,4.54,85.14,Pass
4.76,82.2,54.3,3,5.16,66.5,Pass
7.44,76.52,85.88,4,7.75,77.86,Pass
3.42,52.1,78.73,6,5.37,56.19,Pass
3.43,98.42,40.72,10,7.12,76.25,Pass
6.16,89.94,60.72,5,4.41,76.21,Pass
4.17,64.64,36.75,2,6.26,52.83,Pass
2.57,99.0,63.85,5,7.7,66.2,Pass
4.17,80.09,74.75,7,7.43,77.84,Pass
1.99,79.12,42.11,6,8.08,54.56,Pass
2.23,87.4,52.33,2,8.39,62.13,Pass
4.49,90.59,58.87,5,7.87,76.33,Pass
3.93,82.82,90.17,7,7.36,78.71,Pass
7.4,56.4,94.6,5,4.16,83.87,Pass
3.54,66.91,37.69,10,6.67,62.35,Pass
5.06,96.4,80.66,6,4.19,81.48,Pass
5.43,61.23,57.3,9,8.04,65.53,Pass
1.09,68.61,58.55,10,5.6,63.26,Pass
5.64,71.6,80.26,6,6.81,73.9,Pass
2.25,71.97,90.11,7,5.4,74.49,Pass
7.73,80.65,92.06,2,7.91,91.53,Pass
2.04,97.15,69.63,8,8.43,77.33,Pass
3.9,62.03,56.43,5,5.99,55.2,Pass
1.6,56.08,82.25,3,8.31,64.41,Pass
7.98,59.87,50.06,6,5.34,69.85,Pass
4.52,94.35,68.84,4,6.67,83.27,Pass
5.17,82.29,56.51,7,8.29,74.99,Pass
1.47,64.3,74.4,9,5.63,63.11,Pass
6.25,90.8,49.42,8,8.77,82.0,Pass
2.47,93.07,46.5,4,4.61,56.61,Pass
7.29,92.33,90.09,9,4.09,91.64,Pass
2.44,95.95,41.11,3,8.52,54.55,Pass
2.33,62.61,65.36,10,4.34,63.96,Pass
1.26,87.75,48.25,5,8.96,60.37,Pass
4.3,73.03,37.34,2,8.76,54.95,Pass
4.95,92.1,37.16,9,4.69,64.58,Pass
1.46,86.42,45.51,8,6.69,62.65,Pass
6.43,88.82,87.01,6,4.92,79.02,Pass
4.17,82.81,51.95,6,6.14,59.89,Pass
4.67,58.87,92.03,8,4.31,79.32,Pass
4.09,77.25,69.9,6,5.12,72.22,Pass
3.81,99.23,61.2,9,5.82,69.68,Pass
4.92,96.87,69.81,7,6.19,69.73,Pass
2.09,52.16,66.0,6,8.89,55.98,Pass
2.27,58.24,80.53,10,8.04,72.43,Pass
7.03,56.59,51.95,3,7.69,69.41,Pass
7.62,86.3,56.18,2,6.69,70.55,Pass
3.61,90.89,88.65,9,8.2,82.27,Pass
2.9,60.68,91.79,4,5.7,68.11,Pass
5.51,75.29,88.55,8,7.54,84.07,Pass
3.86,92.04,60.17,9,8.97,71.08,Pass
1.18,86.64,81.82,7,5.57,63.55,Pass
2.09,77.11,63.58,10,7.37,63.87,Pass
6.01,79.52,64.85,8,8.22,91.87,Pass
5.61,75.42,47.28,6,8.58,73.03,Pass
1.19,64.88,70.47,9,7.59,63.5,Pass
2.55,78.25,46.17,3,5.42,58.65,Pass
2.62,84.44,54.89,8,5.63,62.79,Pass
5.7,93.67,86.3,5,4.1,85.68,Pass
1.14,81.81,47.42,10,7.8,64.66,Pass
1.73,88.06,39.27,2,4.21,44.84,Pass
6.6,58.0,39.14,8,8.32,70.09,Pass
2.25,73.08,91.45,7,4.59,72.6,Pass
5.57,50.47,65.42,9,4.86,70.76,Pass
2.67,62.33,59.56,6,6.38,60.84,Pass
1.7,86.32,83.65,2,7.69,68.35,Pass
2.7,99.59,85.15,2,4.7,74.09,Pass
6.06,54.96,54.93,10,6.2,83.46,Pass
6.99,70.07,76.62,7,6.41,86.25,Pass
6.81,90.0,81.27,6,5.06,84.15,Pass
3.78,60.2,74.28,2,4.58,57.44,Pass
5.68,77.75,44.1,7,8.18,68.38,Pass
2.43,86.65,87.55,7,6.51,70.43,Pass
3.05,80.8,67.35,4,4.07,65.61,Pass
7.27,59.4,51.95,9,8.01,69.26,Pass
1.09,67.77,60.51,2,8.9,52.67,Pass
1.6,89.19,37.25,2,7.03,54.12,Pass
2.46,77.71,42.67,7,6.52,57.64,Pass
1.19,50.26,80.93,2,8.39,54.47,Pass
2.27,88.05,35.0,7,8.76,54.97,Pass
5.08,51.77,59.99,2,7.77,65.0,Pass
3.95,87.29,66.35,7,6.23,68.73,Pass
7.25,60.12,38.28,4,6.96,57.97,Pass
6.72,97.9,93.38,9,7.5,87.51,Pass
3.39,68.4,48.57,7,4.97,58.95,Pass
2.82,66.35,53.25,2,6.24,51.08,Pass
3.66,57.44,53.24,6,8.15,61.83,Pass
5.13,65.28,48.82,9,7.27,62.59,Pass
2.88,93.83,35.09,4,6.06,59.87,Pass
5.37,99.82,78.76,7,7.32,76.03,Pass
3.87,68.42,93.01,6,4.59,73.37,Pass
4.86,72.43,48.46,7,6.01,65.52,Pass
4.05,86.1,74.78,2,7.97,70.68,Pass
3.06,94.31,79.51,8,5.1,77.97,Pass
7.64,79.65,85.91,10,4.93,93.94,Pass
6.35,69.58,60.36,3,8.75,76.01,Pass
1.98,70.63,53.18,6,5.05,55.5,Pass
7.08,84.78,54.52,5,5.3,67.0,Pass
4.41,50.16,77.76,7,8.85,74.71,Pass
7.26,80.98,84.01,7,7.67,86.11,Pass
6.6,67.77,45.9,3,7.5,69.33,Pass
3.98,89.71,57.26,3,8.26,63.82,Pass
1.16,54.65,89.12,5,4.58,56.45,Pass
2.88,79.41,83.4,2,7.53,69.0,Pass
4.79,74.05,94.09,10,6.52,77.54,Pass
5.43,82.12,80.25,8,8.15,81.64,Pass
2.81,53.24,58.59,8,6.54,59.03,Pass
1.98,79.0,70.44,4,7.1,64.97,Pass
6.84,78.07,74.66,4,6.39,71.45,Pass
7.89,78.03,39.71,2,6.39,59.4,Pass
4.68,80.17,67.67,4,7.84,76.62,Pass
2.2,83.82,77.56,4,7.14,68.11,Pass
2.91,90.25,45.04,5,7.17,66.01,Pass
1.13,63.49,81.84,5,6.25,59.63,Pass
7.4,91.25,70.03,4,6.66,79.54,Pass
1.82,74.91,92.13,9,7.73,79.38,Pass
5.04,53.85,37.55,9,8.13,71.19,Pass
2.92,52.93,50.92,2,7.48,49.24,Pass
4.88,66.71,71.09,8,8.62,75.27,Pass
5.56,89.24,52.79,3,8.1,74.4,Pass
6.81,85.38,77.87,2,6.81,74.89,Pass
2.44,89.43,80.54,4,7.36,72.91,Pass
1.08,75.86,41.15,5,8.63,58.97,Pass
1.96,72.01,65.83,7,7.1,62.07,Pass
7.3,57.37,65.53,6,8.12,75.98,Pass
7.12,66.41,57.16,5,7.44,79.56,Pass
5.18,71.7,90.98,9,6.76,88.94,Pass
5.2,54.43,84.65,5,5.21,71.42,Pass
5.66,61.03,76.83,3,6.13,67.02,Pass
2.23,79.91,77.86,4,8.84,66.38,Pass
7.4,86.78,62.7,7,7.29,76.45,Pass
3.93,99.92,90.26,9,6.82,95.63,Pass
3.68,96.66,76.68,9,8.66,90.68,Pass
4.63,82.13,78.74,10,6.93,79.71,Pass
1.33,71.06,86.7,8,6.63,73.08,Pass
2.16,81.81,51.44,3,7.8,58.28,Pass
6.17,89.28,83.42,9,7.56,95.43,Pass
1.58,55.92,46.71,8,4.97,54.15,Pass
5.22,70.5,55.72,9,6.36,71.19,Pass
2.72,91.99,55.14,4,6.36,60.02,Pass
3.73,69.19,93.71,8,5.89,80.18,Pass
3.02,78.59,86.39,10,6.59,78.6,Pass
3.49,79.39,77.07,4,6.07,69.93,Pass
6.03,59.22,78.62,7,5.0,73.52,Pass
3.08,68.11,68.72,3,6.06,58.69,Pass
4.96,66.73,91.83,3,4.36,66.1,Pass
4.33,51.31,64.78,6,6.88,66.16,Pass
5.65,51.21,57.83,6,8.27,66.29,Pass
7.56,91.58,44.78,8,7.63,87.55,Pass
6.13,63.65,82.17,3,5.8,66.29,Pass
2.5,75.9,79.07,8,4.44,73.36,Pass
1.22,64.94,58.06,6,5.01,54.2,Pass
2.84,97.03,36.51,7,6.73,73.2,Pass
5.17,62.96,85.34,9,5.04,80.81,Pass
1.36,71.48,35.69,5,6.72,50.95,Pass
4.47,93.64,77.22,8,5.16,79.41,Pass
5.18,92.1,93.22,7,8.24,85.47,Pass
3.34,59.31,61.26,3,5.99,57.86,Pass
6.4,90.13,49.1,9,5.23,68.57,Pass
1.75,72.91,77.29,10,8.06,67.64,Pass
1.53,74.15,84.03,6,5.71,72.68,Pass
6.1,56.67,67.79,5,4.56,57.3,Pass
4.47,54.03,93.02,7,6.85,74.36,Pass
5.82,86.4,38.1,9,6.91,66.03,Pass
4.04,74.82,65.29,4,7.57,64.74,Pass
2.72,71.84,78.11,2,5.2,62.27,Pass
6.73,86.48,86.76,5,6.22,88.7,Pass
6.6,88.28,45.76,5,5.41,74.66,Pass
5.86,57.95,83.0,2,4.4,61.88,Pass
2.91,80.51,68.16,10,8.38,73.98,Pass
5.13,56.77,58.79,4,7.64,83.03,Pass
3.53,87.57,42.9,6,5.51,60.08,Pass
1.64,82.85,86.92,7,7.0,69.72,Pass
7.42,97.83,44.44,9,5.01,74.49,Pass
1.96,53.45,53.59,7,8.45,56.43,Pass
7.65,52.85,52.4,4,4.57,60.21,Pass
4.12,64.11,87.28,7,4.02,71.03,Pass
